n,metodo1_cpu,metodo1_gpu,speedup1,metodo2_cpu,metodo2_gpu,speedup2,error1,error2
10,0.00021004676818847656,,,0.0023366928100585936,,,0.0,0.0
50,0.00040369033813476564,,,0.0021488189697265623,,,0.0,0.0
100,0.0020526885986328126,,,0.010664272308349609,,,0.0,0.0
200,0.06672329902648926,,,0.12434616088867187,,,0.0,0.0
500,0.4031684875488281,,,1.3024821281433105,,,0.0,0.0
