n,cpu_metodo1,gpu_metodo1,speedup_metodo1,cpu_metodo2,gpu_metodo2,speedup_metodo2
50,0.0008138815561930338,,,0.002306858698527018,,
100,0.0016994476318359375,,,0.007302125295003255,,
200,0.023139794667561848,,,0.05943425496419271,,
500,0.1281271775563558,,,0.2854982217152913,,
1000,0.5568140347798666,,,5.694422960281372,,
